Year;Coefficient;Std.Error;t-value;t-prob;Part.R^2
V1762;-7.59156;0.395;-19.2;0;0.28
V1259;-5.34595;0.4504;-11.9;0;0.1291
V1258;-4.00652;0.3955;-10.1;0;0.0975
V1600;-3.49612;0.3592;-9.73;0;0.0907
V1641;-3.30092;0.3521;-9.37;0;0.0847
V1177;-2.69544;0.3949;-6.82;0;0.0467
V1213;-2.46732;0.3951;-6.24;0;0.0394
V1453;-2.33698;0.399;-5.86;0;0.0348
V1992;-2.33202;0.4388;-5.31;0;0.0289
V1816;-2.25839;0.4393;-5.14;0;0.0271
V1719;-2.2473;0.3516;-6.39;0;0.0412
V1835;-2.23351;0.3946;-5.66;0;0.0326
V1815;-1.91031;0.3953;-4.83;0;0.024
V1809;-1.87411;0.3513;-5.33;0;0.0291
V1884;-1.79717;0.357;-5.03;0;0.026
V1900;-1.29973;0.3953;-3.29;0.001;0.0113
V1214;-1.25412;0.4409;-2.84;0.0045;0.0084
V1929;-1.20502;0.3958;-3.04;0.0024;0.0097
V1452;-1.15055;0.3944;-2.92;0.0036;0.0089
V1460;-1.14141;0.3528;-3.24;0.0013;0.0109
V1756;-1.11026;0.3505;-3.17;0.0016;0.0105
V1730;-1.0926;0.3516;-3.11;0.0019;0.0101
V1284;-1.07024;0.3946;-2.71;0.0068;0.0077
V1476;-1.03088;0.351;-2.94;0.0034;0.009
V1585;-0.92322;0.3515;-2.63;0.0088;0.0072
V1285;-0.903345;0.3969;-2.28;0.0231;0.0054
V1972;0.835427;0.3519;2.37;0.0178;0.0059
V1980;1.01968;0.3529;2.89;0.0039;0.0087
V1602;1.03427;0.3646;2.84;0.0047;0.0084
V1920;1.07237;0.3522;3.04;0.0024;0.0097
V1917;1.1042;0.3512;3.14;0.0017;0.0103
V2003;1.10928;0.3605;3.08;0.0021;0.0099
V1984;1.14147;0.3528;3.24;0.0013;0.0109
V1991;1.17277;0.3992;2.94;0.0034;0.009
V1993;1.20659;0.441;2.74;0.0063;0.0078
V1899;1.20773;0.395;3.06;0.0023;0.0097
V1886;1.22235;0.3579;3.42;0.0007;0.0121
V1997;1.35088;0.3573;3.78;0.0002;0.0148
V1836;1.37821;0.3973;3.47;0.0005;0.0125
V1215;1.40795;0.3991;3.53;0.0004;0.0129
V1817;1.44157;0.4017;3.59;0.0003;0.0134
V1988;1.47783;0.3537;4.18;0;0.018
V1928;1.54735;0.3947;3.92;0.0001;0.0159
V1178;1.72437;0.3976;4.34;0;0.0194
V2000;1.72513;0.3601;4.79;0;0.0236
V1994;1.74613;0.4015;4.35;0;0.0195
V1260;2.9167;0.4271;6.83;0;0.0468
V1763;3.30928;0.4263;7.76;0;0.0596
